.mw-parser-output_.tooltip-dotted{border-bottom:1px_dotted;cursor:help}no.#driver#team#manufacturer
1#Ross Chastain#Trackhouse Racing#Chevrolet
2#Austin Cindric#Team Penske#Ford
3#Austin Dillon#Richard Childress Racing#Chevrolet
4#Noah Gragson#Front Row Motorsports#Ford
5#Kyle Larson#Hendrick Motorsports#Chevrolet
6#Brad Keselowski#RFK Racing#Ford
7#Justin Haley#Spire Motorsports#Chevrolet
8#Kyle Busch#Richard Childress Racing#Chevrolet
9#Chase Elliott#Hendrick Motorsports#Chevrolet
10#Ty Dillon#Kaulig Racing#Chevrolet
11#Denny Hamlin#Joe Gibbs Racing#Toyota
12#Ryan Blaney#Team Penske#Ford
15#Tim Brown#Rick Ware Racing#Ford
16#A. J. Allmendinger#Kaulig Racing#Chevrolet
17#Chris Buescher#RFK Racing#Ford
19#Chase Briscoe#Joe Gibbs Racing#Toyota
20#Christopher Bell#Joe Gibbs Racing#Toyota
21#Josh Berry#Wood Brothers Racing#Ford
22#Joey Logano#Team Penske#Ford
23#Bubba Wallace#23XI Racing#Toyota
24#William Byron#Hendrick Motorsports#Chevrolet
34#Todd Gilliland#Front Row Motorsports#Ford
35#Riley Herbst (R)#23XI Racing#Toyota
38#Zane Smith#Front Row Motorsports#Ford
41#Cole Custer#Haas Factory Team#Ford
42#John Hunter Nemechek#Legacy Motor Club#Toyota
43#Erik Jones#Legacy Motor Club#Toyota
45#Tyler Reddick#23XI Racing#Toyota
47#Ricky Stenhouse Jr.#Hyak Motorsports#Chevrolet
48#Alex Bowman#Hendrick Motorsports#Chevrolet
50#Burt Myers#Team AmeriVet#Chevrolet
51#Cody Ware#Rick Ware Racing#Ford
54#Ty Gibbs#Joe Gibbs Racing#Toyota
60#Ryan Preece#RFK Racing#Ford
66#Garrett Smithley (i)#Garage 66#Ford
71#Michael McDowell#Spire Motorsports#Chevrolet
77#Carson Hocevar#Spire Motorsports#Chevrolet
88#Shane van Gisbergen (R)#Trackhouse Racing#Chevrolet
99#Daniel Su√°rez#Trackhouse Racing#Chevrolet
Official entry list#Official entry list#Official entry list#Official entry list